<application>
  <component name="NotificationConfiguration">
    <notification groupId="Built-in Server" displayType="STICKY_BALLOON" />
    <notification groupId="Database editor log" displayType="NONE" />
    <notification groupId="Database refactoring log" displayType="NONE" />
    <notification groupId="Database view" displayType="TOOL_WINDOW" />
    <notification groupId="External Executable Critical Failures" displayType="STICKY_BALLOON" />
    <notification groupId="Git Important Messages" displayType="STICKY_BALLOON" />
    <notification groupId="Git Messages" displayType="TOOL_WINDOW" />
    <notification groupId="Git Minor Notifications" />
    <notification groupId="IDE Usage Statistics" displayType="STICKY_BALLOON" shouldLog="false" />
    <notification groupId="JavaScript Library Management" displayType="STICKY_BALLOON" />
    <notification groupId="PHP Debugger" displayType="TOOL_WINDOW" shouldLog="false" />
    <notification groupId="PHP-CGI Server" displayType="STICKY_BALLOON" />
    <notification groupId="Reformat Code" />
    <notification groupId="Svn Roots Detection Errors" displayType="STICKY_BALLOON" />
    <notification groupId="Vcs Important Messages" displayType="STICKY_BALLOON" />
    <notification groupId="Vcs Minor Notifications" />
    <notification groupId="Web Deployment" />
  </component>
</application>