<application>
  <component name="GeneralSettings">
    <option name="confirmExit" value="false" />
    <option name="confirmOpenNewProject2" value="1" />
    <option name="processCloseConfirmation" value="DISCONNECT" />
    <option name="autoSaveFiles" value="false" />
    <option name="showTipsOnStartup" value="false" />
    <option name="useDefaultBrowser" value="false" />
  </component>
  <component name="Registry">
    <entry key="ide.firstStartup" value="false" />
    <entry key="tabs.alphabetical" value="true" />
  </component>
</application>